{"RuleTriggered": 0, "Violations": 299, "Details": {"low_gpu_utilization": 779, "bottlenecks": {"1675374222.000489": {"GPUs": 1, "CPUs": 1}, "1675374226.000639": {"GPUs": 1, "CPUs": 2}, "1675374226.500561": {"GPUs": 1, "CPUs": 2}, "1675374228.00058": {"GPUs": 1, "CPUs": 1}, "1675374242.500586": {"GPUs": 1, "CPUs": 1}, "1675374244.50058": {"GPUs": 1, "CPUs": 1}, "1675374245.00187": {"GPUs": 1, "CPUs": 1}, "1675374245.500749": {"GPUs": 1, "CPUs": 1}, "1675374246.000933": {"GPUs": 1, "CPUs": 1}, "1675374246.502421": {"GPUs": 1, "CPUs": 1}, "1675374247.000585": {"GPUs": 1, "CPUs": 1}, "1675374248.000569": {"GPUs": 1, "CPUs": 1}, "1675374249.000546": {"GPUs": 1, "CPUs": 1}, "1675374250.500553": {"GPUs": 1, "CPUs": 1}, "1675374252.000553": {"GPUs": 1, "CPUs": 1}, "1675374255.500542": {"GPUs": 1, "CPUs": 1}, "1675374264.00058": {"GPUs": 1, "CPUs": 1}, "1675374302.50057": {"GPUs": 1, "CPUs": 1}, "1675374321.000558": {"GPUs": 1, "CPUs": 1}, "1675374321.500535": {"GPUs": 1, "CPUs": 1}, "1675374322.000582": {"GPUs": 1, "CPUs": 1}, "1675374348.000522": {"GPUs": 1, "CPUs": 1}, "1675374355.500583": {"GPUs": 1, "CPUs": 1}, "1675374357.500519": {"GPUs": 1, "CPUs": 1}, "1675374358.000547": {"GPUs": 1, "CPUs": 1}, "1675374358.500504": {"GPUs": 1, "CPUs": 1}, "1675374360.000539": {"GPUs": 1, "CPUs": 1}, "1675374360.50054": {"GPUs": 1, "CPUs": 1}, "1675374361.000518": {"GPUs": 1, "CPUs": 1}, "1675374362.00053": {"GPUs": 1, "CPUs": 1}, "1675374362.50076": {"GPUs": 1, "CPUs": 1}, "1675374363.50054": {"GPUs": 1, "CPUs": 1}, "1675374364.00054": {"GPUs": 1, "CPUs": 1}, "1675374365.500565": {"GPUs": 1, "CPUs": 1}, "1675374366.000535": {"GPUs": 1, "CPUs": 1}, "1675374372.500566": {"GPUs": 1, "CPUs": 1}, "1675374373.000542": {"GPUs": 1, "CPUs": 1}, "1675374373.500531": {"GPUs": 1, "CPUs": 1}, "1675374374.000548": {"GPUs": 1, "CPUs": 1}, "1675374378.000594": {"GPUs": 1, "CPUs": 1}, "1675374378.501016": {"GPUs": 1, "CPUs": 1}, "1675374388.000574": {"GPUs": 1, "CPUs": 1}, "1675374388.50055": {"GPUs": 1, "CPUs": 1}, "1675374389.00054": {"GPUs": 1, "CPUs": 1}, "1675374393.000548": {"GPUs": 1, "CPUs": 1}, "1675374397.000534": {"GPUs": 1, "CPUs": 1}, "1675374401.000535": {"GPUs": 1, "CPUs": 1}, "1675374401.5005": {"GPUs": 1, "CPUs": 1}, "1675374405.500551": {"GPUs": 1, "CPUs": 1}, "1675374409.500541": {"GPUs": 1, "CPUs": 1}, "1675374410.000598": {"GPUs": 1, "CPUs": 1}, "1675374414.000529": {"GPUs": 1, "CPUs": 1}, "1675374414.500516": {"GPUs": 1, "CPUs": 1}, "1675374417.0005": {"GPUs": 1, "CPUs": 1}, "1675374418.500587": {"GPUs": 1, "CPUs": 1}, "1675374419.000547": {"GPUs": 1, "CPUs": 1}, "1675374419.500555": {"GPUs": 1, "CPUs": 1}, "1675374420.00053": {"GPUs": 1, "CPUs": 1}, "1675374421.000513": {"GPUs": 1, "CPUs": 1}, "1675374422.00054": {"GPUs": 1, "CPUs": 1}, "1675374422.500537": {"GPUs": 1, "CPUs": 1}, "1675374423.000549": {"GPUs": 1, "CPUs": 1}, "1675374423.50053": {"GPUs": 1, "CPUs": 1}, "1675374424.000535": {"GPUs": 1, "CPUs": 1}, "1675374424.500535": {"GPUs": 1, "CPUs": 1}, "1675374425.500545": {"GPUs": 1, "CPUs": 1}, "1675374426.500535": {"GPUs": 1, "CPUs": 1}, "1675374427.000571": {"GPUs": 1, "CPUs": 1}, "1675374427.500528": {"GPUs": 1, "CPUs": 1}, "1675374428.000506": {"GPUs": 1, "CPUs": 1}, "1675374428.500604": {"GPUs": 1, "CPUs": 1}, "1675374429.500549": {"GPUs": 1, "CPUs": 1}, "1675374430.000577": {"GPUs": 1, "CPUs": 1}, "1675374431.000522": {"GPUs": 1, "CPUs": 1}, "1675374431.500551": {"GPUs": 1, "CPUs": 1}, "1675374433.000591": {"GPUs": 1, "CPUs": 1}, "1675374433.500541": {"GPUs": 1, "CPUs": 1}, "1675374435.000598": {"GPUs": 1, "CPUs": 1}, "1675374435.500513": {"GPUs": 1, "CPUs": 1}, "1675374436.000536": {"GPUs": 1, "CPUs": 1}, "1675374437.000528": {"GPUs": 1, "CPUs": 1}, "1675374438.000683": {"GPUs": 1, "CPUs": 1}, "1675374438.500588": {"GPUs": 1, "CPUs": 1}, "1675374439.50058": {"GPUs": 1, "CPUs": 1}, "1675374440.000536": {"GPUs": 1, "CPUs": 1}, "1675374441.000531": {"GPUs": 1, "CPUs": 1}, "1675374441.500592": {"GPUs": 1, "CPUs": 1}, "1675374442.000537": {"GPUs": 1, "CPUs": 1}, "1675374444.500562": {"GPUs": 1, "CPUs": 1}, "1675374445.000536": {"GPUs": 1, "CPUs": 1}, "1675374445.500528": {"GPUs": 1, "CPUs": 1}, "1675374446.00053": {"GPUs": 1, "CPUs": 1}, "1675374446.500507": {"GPUs": 1, "CPUs": 1}, "1675374447.000561": {"GPUs": 1, "CPUs": 1}, "1675374448.000538": {"GPUs": 1, "CPUs": 1}, "1675374449.000524": {"GPUs": 1, "CPUs": 1}, "1675374450.000535": {"GPUs": 1, "CPUs": 1}, "1675374452.00054": {"GPUs": 1, "CPUs": 1}, "1675374453.000521": {"GPUs": 1, "CPUs": 1}, "1675374453.500603": {"GPUs": 1, "CPUs": 1}, "1675374455.000564": {"GPUs": 1, "CPUs": 1}, "1675374455.500496": {"GPUs": 1, "CPUs": 1}, "1675374456.000573": {"GPUs": 1, "CPUs": 1}, "1675374457.00057": {"GPUs": 1, "CPUs": 1}, "1675374458.000519": {"GPUs": 1, "CPUs": 1}, "1675374459.000543": {"GPUs": 1, "CPUs": 1}, "1675374460.00058": {"GPUs": 1, "CPUs": 1}, "1675374461.000514": {"GPUs": 1, "CPUs": 1}, "1675374461.500535": {"GPUs": 1, "CPUs": 1}, "1675374463.000543": {"GPUs": 1, "CPUs": 1}, "1675374463.500538": {"GPUs": 1, "CPUs": 1}, "1675374464.500533": {"GPUs": 1, "CPUs": 1}, "1675374465.000567": {"GPUs": 1, "CPUs": 1}, "1675374465.500512": {"GPUs": 1, "CPUs": 1}, "1675374466.500564": {"GPUs": 1, "CPUs": 1}, "1675374468.00053": {"GPUs": 1, "CPUs": 1}, "1675374469.000536": {"GPUs": 1, "CPUs": 1}, "1675374470.000541": {"GPUs": 1, "CPUs": 1}, "1675374470.50053": {"GPUs": 1, "CPUs": 1}, "1675374471.500592": {"GPUs": 1, "CPUs": 1}, "1675374472.000529": {"GPUs": 1, "CPUs": 2}, "1675374472.500556": {"GPUs": 1, "CPUs": 2}, "1675374473.000554": {"GPUs": 1, "CPUs": 2}, "1675374473.50054": {"GPUs": 1, "CPUs": 2}, "1675374474.500555": {"GPUs": 1, "CPUs": 2}, "1675374475.500548": {"GPUs": 1, "CPUs": 1}, "1675374476.500551": {"GPUs": 1, "CPUs": 1}, "1675374477.500537": {"GPUs": 1, "CPUs": 1}, "1675374478.00052": {"GPUs": 1, "CPUs": 1}, "1675374478.500535": {"GPUs": 1, "CPUs": 1}, "1675374479.500549": {"GPUs": 1, "CPUs": 1}, "1675374480.500564": {"GPUs": 1, "CPUs": 1}, "1675374481.000541": {"GPUs": 1, "CPUs": 1}, "1675374482.00051": {"GPUs": 1, "CPUs": 1}, "1675374483.000603": {"GPUs": 1, "CPUs": 1}, "1675374483.500532": {"GPUs": 1, "CPUs": 1}, "1675374484.000525": {"GPUs": 1, "CPUs": 1}, "1675374484.500538": {"GPUs": 1, "CPUs": 1}, "1675374485.500498": {"GPUs": 1, "CPUs": 1}, "1675374486.000542": {"GPUs": 1, "CPUs": 1}, "1675374487.500573": {"GPUs": 1, "CPUs": 1}, "1675374488.000618": {"GPUs": 1, "CPUs": 1}, "1675374488.500638": {"GPUs": 1, "CPUs": 1}, "1675374489.000584": {"GPUs": 1, "CPUs": 1}, "1675374489.500551": {"GPUs": 1, "CPUs": 1}, "1675374490.000535": {"GPUs": 1, "CPUs": 1}, "1675374490.50054": {"GPUs": 1, "CPUs": 1}, "1675374492.000597": {"GPUs": 1, "CPUs": 1}, "1675374493.000555": {"GPUs": 1, "CPUs": 1}, "1675374493.500529": {"GPUs": 1, "CPUs": 1}, "1675374494.000546": {"GPUs": 1, "CPUs": 1}, "1675374494.500515": {"GPUs": 1, "CPUs": 1}, "1675374495.000522": {"GPUs": 1, "CPUs": 1}, "1675374495.500551": {"GPUs": 1, "CPUs": 1}, "1675374496.000531": {"GPUs": 1, "CPUs": 1}, "1675374496.500584": {"GPUs": 1, "CPUs": 1}, "1675374497.000561": {"GPUs": 1, "CPUs": 1}, "1675374497.500529": {"GPUs": 1, "CPUs": 1}, "1675374499.500547": {"GPUs": 1, "CPUs": 1}, "1675374500.500531": {"GPUs": 1, "CPUs": 1}, "1675374503.000559": {"GPUs": 1, "CPUs": 1}, "1675374504.000542": {"GPUs": 1, "CPUs": 1}, "1675374511.500518": {"GPUs": 1, "CPUs": 1}, "1675374513.000521": {"GPUs": 1, "CPUs": 1}, "1675374514.000555": {"GPUs": 1, "CPUs": 1}, "1675374516.000579": {"GPUs": 1, "CPUs": 1}, "1675374518.000539": {"GPUs": 1, "CPUs": 1}, "1675374519.00051": {"GPUs": 1, "CPUs": 1}, "1675374520.500756": {"GPUs": 1, "CPUs": 1}, "1675374522.500568": {"GPUs": 1, "CPUs": 1}, "1675374523.500554": {"GPUs": 1, "CPUs": 1}, "1675374524.000852": {"GPUs": 1, "CPUs": 1}, "1675374525.000535": {"GPUs": 1, "CPUs": 1}, "1675374527.000529": {"GPUs": 1, "CPUs": 1}, "1675374528.000519": {"GPUs": 1, "CPUs": 1}, "1675374529.000532": {"GPUs": 1, "CPUs": 1},