{"RuleTriggered": 0, "Violations": 18, "Details": {"low_gpu_utilization": 779, "bottlenecks": {"1675374223.500671": {"GPUs": 1, "CPUs": 1}, "1675374348.000522": {"GPUs": 1, "CPUs": 1}, "1675374348.50057": {"GPUs": 1, "CPUs": 1}, "1675374353.500519": {"GPUs": 1, "CPUs": 1}, "1675374380.500555": {"GPUs": 1, "CPUs": 1}, "1675374381.500534": {"GPUs": 1, "CPUs": 1}, "1675374390.000511": {"GPUs": 1, "CPUs": 1}, "1675374390.500553": {"GPUs": 1, "CPUs": 1}, "1675374391.000537": {"GPUs": 1, "CPUs": 1}, "1675374392.000524": {"GPUs": 1, "CPUs": 1}, "1675374392.500542": {"GPUs": 1, "CPUs": 1}, "1675374393.000548": {"GPUs": 1, "CPUs": 1}, "1675374394.500518": {"GPUs": 1, "CPUs": 1}, "1675374509.000507": {"GPUs": 1, "CPUs": 1}, "1675374510.000566": {"GPUs": 1, "CPUs": 1}, "1675374511.000535": {"GPUs": 1, "CPUs": 1}, "1675374513.500549": {"GPUs": 1, "CPUs": 1}, "1675374522.500568": {"GPUs": 1, "CPUs": 1}}}, "Datapoints": 878, "RuleParameters": "threshold:50\nio_threshold:50\ngpu_threshold:10\npatience:1000"}