{"RuleTriggered": 0, "Violations": 0, "Details": {"step_num": {"first": 1675374361748834, "last": 1675374625164917}, "job_start": 1675374221.500403, "job_end": 1675374659.500766}, "Datapoints": 238, "RuleParameters": "threshold:20"}