{"RuleTriggered": 0, "Violations": 0, "Details": {"ratio": {"gpu_functions-dev:0": 53.067005877862094, "cpu_functions": 46.932994122137906}, "phase": {"Step:ModeKeys.TRAIN": 31.253611988748908, "others": 62.689012796142876, "Step:ModeKeys.EVAL": 6.057375215108217}, "phase_time": {}, "CPU": {"conv2d": 15.467650534811476, "convolution": 15.389494391986695, "_convolution": 15.329283101502666, "cudnn_convolution": 14.880782522877217, "to": 19.314247620084537, "copy_": 19.618541828737403}, "CPU_total": {"conv2d": 1409296, "convolution": 1402175, "_convolution": 1396689, "cudnn_convolution": 1355825, "to": 1759769, "copy_": 1787494}, "GPU": {"conv2d": 16.447568559172552, "convolution": 16.410740051183687, "_convolution": 16.375645686827177, "cudnn_convolution": 16.080263221449062, "to": 17.19811963964691, "copy_": 17.487662841720592}, "GPU_total": {"conv2d": 1678765, "convolution": 1675006, "_convolution": 1671424, "cudnn_convolution": 1641275, "to": 1755372, "copy_": 1784925}, "general": {"Forward": 100.0}}, "Datapoints": 0, "RuleParameters": ""}