{"RuleTriggered": 0, "Violations": 0, "Details": {"step_details": {"algo-1-27": {"step_stats": {"mean": 0.24248540952380954, "max": 10.641036, "p99": 3.99005398, "p95": 1.0407933499999689, "p50": 0.029124999999999998, "min": 0.027072}, "number_of_outliers": 9, "phase": "Step:ModeKeys.TRAIN", "stddev": 1.03, "probs": [199, 0, 0, 0, 0, 0, 0, 0, 0, 0, 0, 0, 0, 0, 0, 0, 0, 0, 0, 0, 0, 0, 0, 0, 0, 0, 0, 0, 0, 0, 0, 0, 0, 0, 0, 0, 0, 0, 0, 0, 0, 0, 0, 0, 0, 0, 0, 0, 0, 0, 0, 0, 0, 0, 0, 1, 0, 0, 0, 0, 0, 0, 0, 0, 0, 0, 0, 0, 0, 0, 0, 0, 0, 0, 0, 0, 0, 0, 0, 0, 0, 0, 0, 0, 0, 0, 0, 0, 0, 0, 0, 0, 0, 0, 0, 0, 0, 0, 0, 1], "binedges": [0.027072, 0.06000591, 0.09293982, 0.12587373000000002, 0.15880764000000003, 0.19174155000000004, 0.22467546, 0.25760937, 0.29054328, 0.32347719, 0.35641110000000004, 0.38934501000000005, 0.42227892, 0.45521283, 0.48814674, 0.52108065, 0.55401456, 0.58694847, 0.6198823800000001, 0.6528162900000001, 0.6857502000000001, 0.7186841100000001, 0.7516180200000001, 0.7845519300000001, 0.81748584, 0.85041975, 0.88335366, 0.91628757, 0.9492214800000001, 0.9821553900000001, 1.0150893, 1.0480232100000002, 1.08095712, 1.11389103, 1.1468249400000001, 1.17975885, 1.2126927600000001, 1.24562667, 1.2785605800000002, 1.31149449, 1.3444284000000002, 1.37736231, 1.4102962200000002, 1.44323013, 1.4761640400000002, 1.5090979500000001, 1.5420318600000003, 1.5749657700000002, 1.60789968, 1.6408335900000002, 1.6737675, 1.7067014100000002, 1.73963532, 1.7725692300000002, 1.8055031400000001, 1.8384370500000002, 1.8713709600000001, 1.9043048700000003, 1.9372387800000002, 1.9701726900000003, 2.0031066, 2.0360405100000003, 2.0689744200000004, 2.10190833, 2.1348422400000002, 2.1677761500000003, 2.20071006, 2.23364397, 2.2665778800000003, 2.2995117900000004, 2.3324457, 2.36537961, 2.3983135200000003, 2.4312474300000004, 2.46418134, 2.4971152500000002, 2.5300491600000004, 2.5629830700000005, 2.59591698, 2.6288508900000003, 2.6617848000000004, 2.69471871, 2.72765262, 2.7605865300000003, 2.7935204400000004, 2.82645435, 2.8593882600000002, 2.8923221700000004, 2.9252560800000005, 2.95818999, 2.9911239000000003, 3.0240578100000004, 3.0569917200000005, 3.08992563, 3.1228595400000003, 3.1557934500000004, 3.18872736, 3.2216612700000002, 3.2545951800000004, 3.2875290900000005, 3.320463], "step_numbers": ["0", "1", "2", "3", "4", "5", "6", "8", "9"]}}}, "Datapoints": 238, "RuleParameters": "threshold:3\nmode:None\nn_outliers:10\nstddev:3"}